,NAME_3,price(million)
0,Abag,12737.271400000003
1,Abagnar Qi,5350.7734
2,Acheng,110490.71
3,Akqi,4824.9207000000015
4,Aksai Kazakh,4219.7375999999995
5,Aksu,67711.78229999999
6,Akto,14141.868199999999
7,Altay,43762.417499999996
8,Alxa Left,68549.71870000003
9,Alxa Right,12014.794700000004
10,An,195732.8241999999
11,Anda,48313.0045
12,Anfu,141231.8499000001
13,Anguo,137244.36
14,Anji,1496731.0351000007
15,Anju,185445.18940000003
16,Ankang,914333.8520999998
17,Anlong,83714.56669999995
18,Anlu,252242.69
19,Anning,709186.0983999999
20,Anping,214656.69189999995
21,Anqing,632917.2758999999
22,Anqiu,460915.55959999986
23,Ansai,37157.898499999996
24,Anshan,1744608.4692000006
25,Anshun,431854.0
26,Antu,110083.76490000004
27,Anxi,518184.02119999996
28,Anxin,61971.4
29,Anyang Shì,605769.4532
30,Anyang Xiàn,605769.4532
31,Anyi,253188.53999999998
32,Anyuan,151248.96979999993
33,Anze,14060.781500000001
34,Aohan,226028.87120000008
35,Ar Horqin,143064.53999999998
36,Artux,43161.33420000003
37,Arun,91554.84890000008
38,Awat,13572.782299999999
39,Ba,1800754.9176999996
40,Bachu,24282.413099999994
41,Badong,48207.034100000004
42,Baicheng,380398.6073999998
43,Baihe,6235.9395
44,Baiquan,20229.276200000004
45,Bairin Left,135264.3101
46,Bairin Right,33896.63039999998
47,Baise,320676.0179999998
48,Baisha Li,43223.9991
49,Baishui,72464.31360000001
50,Baixiang,51127.039499999984
51,Baiyü,398.5
52,Bama Yao,33677.9208
53,Bao'an,140236.99
54,Baode,108656.21500000001
55,Baodi,1025264.8108999999
56,Baoding,2120938.812599999
57,Baofeng,319199.5
58,Baokang,75687.06989999999
59,Baoqing,22391.391
60,Baoshan,18275.100400000007
61,Baoting Li,57105.249800000005
62,Baotou,1235191.2807000002
63,Baoxing,10500.554900000005
64,Baoying,921827.8102000003
65,Barkam,6415.923600000001
66,Batang,9057.0
67,Bayan,44807.053199999995
68,Bei'an,35098.29130000001
69,Beichen,546604.6921000001
70,Beichuan Qiang,46712.44850000005
71,Beihai,530770.3306999998
72,Beiliu,277249.89650000003
73,Beipiao,112095.7874
74,Beizhen,122705.41360000004
75,Bengbu,2242422.8043
76,Benxi,674709.4698000002
77,Benxi Manchu,148585.96150000006
78,Bijiang,8842.8436
79,Bijie,693082.6174
80,Bin,115209.66409999995
81,Binchuan,97763.9175
82,Binhai,692672.0048999997
83,Binyang,119530.8316000001
84,Biyang,730445.6392
85,Bo'ai,80606.56090000001
86,Bobai,194783.37660000005
87,Bohu,11210.9445
88,Bole,161267.14769999997
89,Boli,22532.1867
90,Boluo,473280.2789000003
91,Bordered Yellow,5542.6801
92,Boxian,2373167.3390000006
93,Boxing,200823.20950000006
94,Boyang,1630517.3745999997
95,Boye,36622.44980000001
96,Burqin,13684.7747
97,Butha Qi,92116.42
98,Butuo,163.9777
99,Cang,231402.2143
100,Cangnan,992753.407099999
101,Cangshan,409082.8598000001
102,Cangwu,110920.09599999998
103,Cangxi,215523.84379999997
104,Cangyuan Va,60605.8303
105,Cangzhou,1578939.474100001
106,Cao,364890.0
107,Ceheng,8152.163100000001
108,Cengong,111395.74960000001
109,Cenxi,162012.28739999994
110,Changbai Korean,5434.876699999998
111,Changchun,6532778.864900001
112,Changdao,28495.7997
113,Changfeng,1522244.6672999987
114,Changge,364681.4490000001
115,Changhai,6102.5
116,Changji,875129.7632999999
117,Changjiang Li,132061.4998
118,Changle,1529645.2620999992
119,Changli,451107.8489999999
120,Changling,52527.18970000003
121,Changning,202944.41219999973
122,Changping,9227.678499999998
123,Changsha Xiàn,2263137.3192
124,Changshan,176102.71270000003
125,Changshu,2367288.0729000005
126,Changshun,75319.93119999988
127,Changtai,160753.96399999998
128,Changting,100663.55240000002
129,Changtu,123865.65529999995
130,Changwu,111611.60929999998
131,Changxing,1129727.1079999998
132,Changyang Tujia,35059.72729999999
133,Changyi,498151.6125000001
134,Changyuan,272417.59280000016
135,Changzhi Shì,94638.74470000002
136,Changzhi Xiàn,94638.74470000002
137,Changzhou,219358.096
138,Chao,50763.43510000002
139,Chaonan,134262.2672
140,Chaotian,49858.86779999999
141,Chaoyang,111171.9604
142,Chaoyang Shì,466252.3245
143,Chaoyang Xiàn,202217.47339999996
144,Chaozhou,621861.0613
145,Chen,850056.6548
146,Chenbarag Qi,92116.42
147,Cheng,7682.5
148,Cheng'an,90269.60690000001
149,Chengde Shì,235162.8601
150,Chengde Xiàn,136855.6434
151,Chengdu Shì,12854441.251599995
152,Chenggu,91625.21640000003
153,Chenghai,277332.17409999995
154,Chengjiang,107234.6402
155,Chengmai,356309.43
156,Chengwu,75424.2425
157,Chenzhou,850056.6548
158,Chicheng,28012.8301
159,Chifeng,515847.7594000001
160,Chiping,17781.420100000003
161,Chishui,238371.144
162,Chongan,259527.64659999998
163,Chongli,115108.5563
164,Chongqing,12854441.251599995
165,Chongren,323384.25
166,Chongxin,26514.589699999993
167,Chongyang,125863.18309999995
168,Chongyi,67321.53000000001
169,Chun'an,474356.4471000001
170,Chunhua,13843.653499999999
171,Chuxian,1507109.7885000003
172,Chuxiong,264251.0231999999
173,Ci,246643.3276999999
174,Cixi,1414176.2650999997
175,Conghua,163875.75049999997
176,Congjiang,103711.8482000001
177,Da,434262.6864999999
178,Da'an,78530.847
179,Dachang Hui,919105.1408
180,Dadong,1011195.2537000007
181,Dafang,613148.3327999999
182,Dafeng,774782.9508000002
183,Dagang,6891.2
184,Daguan,1689.7894000000001
185,Dahua Yao 	,33204.50860000001
186,Dai,23412.499999999993
187,Daicheng,169194.84000000003
188,Daishan,137232.40729999985
189,Dalad,88894.46330000008
190,Dali,619552.6122999999
191,Dalian,5889783.939099999
192,Daming,97558.0
193,Danba,7269.0
194,Dancheng,90513.03330000001
195,Danfeng,30145.481400000008
196,Dangchang,14146.062599999997
197,Dangtu,710732.1525000001
198,Dangyang,251185.4731000001
199,Daning,5699.3318
200,Danleng,55227.2145
201,Dantu,132353.59999999998
202,Danyang,1265936.7518000004
203,Danzhai,29027.338200000002
204,Danzhou,987540.9722999999
205,Daocheng,18490.1255
206,Dapu,46662.9891
207,Daqina,859550.0593999998
208,Darlag,81.3991
209,Datian,82696.2
210,Datong Shì,1679286.5465000002
211,Datong Xiàn,73538.26000000001
212,Dawa,271002.66099999996
213,Dawu,157256.70270000002
214,Daxian,477670.1203000001
215,Daxin,30065.777199999997
216,Daxing,74487.0741
217,Dayao,28291.89189999999
218,Daye,624136.6036000001
219,Dayi,155499.23549999998
220,Dayu,58660.57999999997
221,Dazhu,332417.0593999999
222,De'an,272780.6029999997
223,Debao,18546.606900000002
224,Dechang,67139.31459999998
225,Dedu,24431.7
226,Dehua,201392.2065
227,Dehui,315366.0972999999
228,Dejiang,224469.8
229,Delingha,45543.7
230,Deng,765181.3797000002
231,Dengfeng,322146.92720000003
232,Dengkou,26058.425999999996
233,Dengta,328821.3922000002
234,Deqing,848213.3968999998
235,Dexing,406760.4
236,Deyang,364561.9651000002
237,Dezhou,802175.3909000001
238,Dianbai,316724.4024000001
239,Ding,2120938.812599999
240,Ding An,60217.9083
241,Dingbian,33891.32899999998
242,Dingcheng,214425.19129999998
243,Dinghai,422246.16079999995
244,Dingnan,78538.59899999997
245,Dingtao,266557.7577
246,Dingxi,89439.4529
247,Dingxiang,42314.49999999999
248,Dingxing,95114.56
249,Dingyuan,410949.7486
250,Dong Ujimqin,5350.7734
251,Dong'e,143510.69420000006
252,Dongchuan,24255.7531
253,Dongfang,176892.66160000002
254,Donggang,272610.68139999994
255,Dongguang,85078.47489999997
256,Donghai,238855.39
257,Donglan,7171.2339999999995
258,Dongli,369894.8476
259,Dongliao,22531.97
260,Dongming,186356.1655000001
261,Dongning,17837.5
262,Dongping,242987.48610000004
263,Dongshan,117927.84910000002
264,Dongsheng,93661.6989
265,Dongtai,838324.0535000007
266,Dongxiang,240884.33500000002
267,Dongxing,153590.73280000006
268,Dongyang,1010649.8177000002
269,Dongyuan,308089.14979999996
270,Dongzhi,461631.1800000001
271,Doumen,51032.12780000001
272,Duchang,253981.48930000007
273,Dulan,8536.0561
274,Dunhua,46393.2386
275,Dunhuang,99390.45050000004
276,Duolun,52279.70899999997
277,Dushan,163512.05229999998
278,Dushanzi,26187.974699999984
279,Duyun,727788.7876
280,Du’an Yao,53956.28119999998
281,Dêgê,53.8
282,Dêqên,1918.4841000000004
283,Dêrong,21.849999999999998
284,Ebian Yi,4920.930000000002
285,Ejin,33560.098600000005
286,Ejin Horo,343410.5004000001
287,Emeishan,549835.513
288,Emin,19906.332599999998
289,Enping,105218.67000000001
290,Erenhot,56094.57860000001
291,Ergun,15126.343999999988
292,Eryuan,55488.780000000006
293,Eshan Yi,51115.825600000004
294,Evenk,49936.568000000014
295,Faku,207511.9467999999
296,Fanchang,375460.69180000015
297,Fang,147301.0465
298,Fangcheng,202174.7788
299,Fangshan,375302.4739
300,Fangzheng,18552.6
301,Fanshi,75691.72540000002
302,Fanxian,806727.1881000003
303,Feicheng,389138.3500999999
304,Feidong,1329623.9352000004
305,Feixi,911358.7981000001
306,Feixian,4300154.507200001
307,Feixiang,55639.756299999965
308,Feng,1511115.1064999986
309,Fengcheng,889899.2913999992
310,Fengfengkuang,128505.55260000001
311,Fenggang,73385.00280000009
312,Fenghua,1071365.5030000007
313,Fengkai,46818.11099999998
314,Fengnan,384471.5641
315,Fengning Manchu,124279.7958
316,Fengqing,36065.75289999999
317,Fengqiu,67819.21120000005
318,Fengrun,323027.1873000001
319,Fengshan,42709.0247
320,Fengshun,125770.27449999997
321,Fengtai,295582.12590000016
322,Fengxiang,39908.90620000003
323,Fengxin,278401.1525000001
324,Fengyang,259316.4788
325,Fengzhen,49479.39600000001
326,Fenxi,5514.599299999999
327,Fenyang,108695.7136
328,Fenyi,158422.14
329,Fogang,98968.80910000004
330,Foping,20959.4563
331,Fu,57132.5683
332,Fu'an,473955.96199999994
333,Fucheng,73145.9274
334,Fuchuan Yao,129722.88479999999
335,Fuding,332263.1813
336,Fufeng,37066.416
337,Fugou,110106.7781
338,Fugu,111903.6062
339,Fuhai,19538.3996
340,Fujin,67800.61379999999
341,Fukang,114304.76689999999
342,Fumin,134722.70480000004
343,Funan,590915.8497000001
344,Funing,1031843.0379
345,Fuping,272285.17559999996
346,Fuqing,1756821.6236000003
347,Fuquan,182901.09420000002
348,Fushan,1083987.0641999997
349,Fushun,292681.75320000004
350,Fusong,174149.23060000004
351,Fusui,75661.58150000003
352,Fuxin,315024.12489999994
353,Fuxin Mongol,195534.0222
354,Fuyang,5314752.8645
355,Fuyu,98825.0101
356,Fuyuan,38688.761999999995
357,Fuyun,18229.299499999997
358,Fuzhou,11593109.308799995
359,Gadê,64.66520000000003
360,Gai,831145.3964
361,Gan,204219.976
362,Gangca,2113.4669
363,Gangu,60963.9367
364,Ganluo,4265.0032999999985
365,Gannan,42609.832799999975
366,Ganquan,34852.945700000004
367,Ganyu,926649.0
368,Ganzhou,624517.6408000004
369,Gao,74739.95999999999
370,Gao'an,682672.0
371,Gaochun,470540.55439999973
372,Gaolan,118448.48589999997
373,Gaoling,322790.63930000004
374,Gaomi,395279.3002000002
375,Gaoming,567420.9627
376,Gaoping,158105.81979999994
377,Gaoqing,303879.55
378,Gaotai,47461.80570000001
379,Gaotang,245228.7152
380,Gaoyang,53365.0
381,Gaoyao,134576.8080999998
382,Gaoyi,31584.0
383,Gaoyou,2371914.4659000025
384,Gaozhou,375726.8666000001
385,Gejiu,131471.00669999988
386,Gengma Dai and Va,51884.8475
387,Genhe,11334.835999999996
388,Golmud,77996.11059999997
389,Gong,19592452.363100026
390,Gong'an,382715.83470000053
391,Gongcheng Yao,33660.71869999999
392,Gonghe,15553.594299999988
393,Gongliu,17544.0942
394,Gongshan Derung and Nu,1207.7483000000002
395,Gu,6561.2052
396,Gu'an,2206015.6788
397,Guan,164996.44219999996
398,Guang'an,164865.76999999996
399,Guangchang,82417.41999999998
400,Guangde,197954.23230000012
401,Guangfeng,518228.45930000005
402,Guanghan,179966.53689999983
403,Guanghe,19333.760000000002
404,Guangji,5988.528
405,Guangling,32330.008399999995
406,Guangnan,58821.15699999999
407,Guangning,29196.97
408,Guangping,88396.4954
409,Guangrao,626323.3345000001
410,Guangshan,108918.7346
411,Guangze,24187.115999999995
412,Guangzhou,22498000.6009
413,Guangzong,63382.241299999994
414,Guannan,500220.0240000002
415,Guantao,80519.9536
416,Guanyang,23751.37
417,Guanyun,1014760.0
418,Gucheng,248384.40950000004
419,Gui,592787.2545999999
420,Guichi,522412.0
421,Guide,46398.85139999999
422,Guiding,233753.9360999999
423,Guilin,909220.2241
424,Guinan,1312.891
425,Guiping,209960.67199999982
426,Guixi,178227.3515
427,Guiyang,2483907.095799997
428,Gujiao,63366.6
429,Gulin,81383.2514
430,Guoyang,2373167.3390000006
431,Gushi,156533.8884
432,Gutian,138627.4811
433,Guyang,16088.423200000003
434,Guyuan,223413.73969999998
435,Guzhen,599861.1172
436,Habahe,6829.779200000004
437,Hai'an,3381308.5852
438,Haibowan,190610.38719999985
439,Haicheng,679349.72
440,Haifeng,261226.80009999996
441,Haikou,2915155.275299997
442,Hailar,482417.50999999995
443,Hailin,51314.91600000003
444,Hailun,49596.20390000001
445,Haimen,2922881.640700001
446,Haining,1975900.2347999997
447,Haixing,55526.616199999975
448,Haiyan,974853.8343999994
449,Haiyang,505385.5294000001
450,Haiyuan,16881.725300000002
451,Hami,2929.9908
452,Hancheng,241577.88619999992
453,Hanchuan,475354.41360000015
454,Handan Xiàn,727088.8941999999
455,Handan shì,1569533.0803999992
456,Hanggin,119139.26210000004
457,Hangu,48080.0
458,Hangzhou,21846641.182000004
459,Hanjiang,1014271.0174999995
460,Hanshan,777173.0302999993
461,Hanyang,21869.413199999995
462,Hanyin,10724.58
463,Hanyuan,22175.426399999997
464,Hanzhong,769072.6176999994
465,Harbin,6613680.557000004
466,Harqin,73928.483
467,Harqin Left Mongol,206175.21
468,He,1084110.3646000011
469,Hebi,738193.4206
470,Hechi,147586.09090000007
471,Hefei,22274470.01330001
472,Hefeng,15780.7672
473,Hegang shì,113103.0787
474,Heihe,24431.7
475,Heishan,126540.15139999996
476,Hejian,225919.9386
477,Hejiang,249308.55530000007
478,Hejin,76960.3268
479,Hejing,16316.252499999997
480,Hekou,5106.595
481,Hekou Yao,52723.64200000006
482,Helan,252392.9772
483,Helong,21598.098299999965
484,Henan Mongol,1107.82
485,Heng,87204.69959999996
486,Hengfeng,96963.056
487,Hengshan,104817.625
488,Hengshui,676667.8209000002
489,Hengyang Shì,4591676.976300003
490,Hengyang Xiàn,171428.03300000002
491,Heping,36538.582500000004
492,Hepu,91850.1054999999
493,Heqing,32037.344500000007
494,Hequ,77618.1329
495,Heshan,265715.45379999996
496,Heshui,51891.653800000015
497,Heshun,25702.089
498,Hexigten,108924.29679999998
499,Heyang,44929.43310000001
500,Heze,1407376.2435999997
501,Hezhang,365013.7722
502,Hezheng,91390.3394
503,Hoboksar Mongol,13844.1332
504,Hohhot,3123826.7794999983
505,Hong'an,59598.3
506,Honghe,25611.99500000001
507,Honghu,164323.08079999976
508,Hongtong,131258.6952
509,Hongya,169083.1
510,Hongze,1115145.51
511,Horinger,130546.19839999994
512,Horqin Left Back,57604.210100000004
513,Horqin Left Middle,60235.26999999998
514,Horqin Right Front,26714.7687
515,Horqin Right Middle,19940.280100000014
516,Houjia,785588.0127999987
517,Houma,111947.57780000003
518,Hoxud,8564.9431
519,Hu,333699.5133999999
520,Hua,187609.88060000006
521,Hua'an,81491.7735
522,Huachi,12252.9736
523,Huachuan,51600.022899999996
524,Huade,38447.31999999995
525,Huadian,214455.30379999997
526,Huai'an,38453.013999999996
527,Huaian,2021113.7486999906
528,Huaibei,545731.4812
529,Huaide,390810.01
530,Huaiji,82212.25999999998
531,Huailai,657559.9322
532,Huainan,1104831.8217
533,Huaining,268188.7823999999
534,Huairen,257162.66100000002
535,Huairou,13100.0
536,Huaiyang,66623.03169999999
537,Huaiyin,395560.91709999926
538,Huaiyuan,613259.2
539,Hualong Hui,55896.55110000001
540,Huan,26456.873299999992
541,Huanan,38382.4197
542,Huangchuan,108872.70460000003
543,Huangdao,2750413.315000001
544,Huanggang,5988.528
545,Huanghua,373667.7544
546,Huangling,48083.918099999995
547,Huanglong,4275.929
548,Huangmei,397682.6434
549,Huangpi,809101.4537
550,Huangping,43641.53490000003
551,Huangshi,1034544.0462999996
552,Huangyan,1086414.7973
553,Huangyuan,21951.593
554,Huangzhong,300200.26050000003
555,Huaning,27472.0358
556,Huanjiang Maonan,24701.8006
557,Huanren Manchu,80258.36
558,Huantai,200269.8034
559,Huaping,43940.165899999985
560,Huating,37739.831399999995
561,Huaxi,564025.5525000001
562,Huaxian,22498000.6009
563,Huayin,50453.72
564,Huayun,861063.0463999996
565,Huazhou,211571.40939999997
566,Huelu,7386929.210999999
567,Huguan,37615.4024
568,Hui,29824.354999999996
569,Hui'an,558715.5995000002
570,Huichang,221683.26
571,Huidong,499369.1579000002
572,Huilai,135513.6524
573,Huili,48817.004000000015
574,Huimin,384436.5566
575,Huinan,57283.3212
576,Huining,134995.56509999995
577,Huixian,84333.16480000006
578,Huiyang,479320.09430000006
579,Huize,30744.902799999993
580,Huizhou,1575543.3610000005
581,Hukou,342864.5424999998
582,Hulan,208561.753
583,Hulin,19359.585199999998
584,Huma,5364.669999999998
585,Hunchun,180135.29379999966
586,Hunyuan,45664.0
587,Huo,210289.5921
588,Huocheng,93078.07950000007
589,Huolin Gol,146809.256
590,Huoqiu,601722.5323000003
591,Huoshan,344605.4489999997
592,Hure,43763.06539999999
593,Hutubi,108803.50630000002
594,Huzhong,5364.669999999998
595,Huzhou,587107.9296
596,Huzhu Tu,124312.74910000003
597,Hóngjiang Shì,86841.31470000005
598,Jainca,11042.107100000001
599,Jalaid,82352.85610000005
600,Jarud,60076.29999999998
601,Jeminay,57957.80139999999
602,Ji,9359209.247100003
603,Ji An,204582.8137999999
604,Ji'an,216980.19550000006
605,Jia,147737.46000000002
606,Jiajiang,133707.5495
607,Jiamusi,154216.29340000002
608,Jian'ou,189811.77190000008
609,Jianchang,79236.38699999994
610,Jianchuan,36428.45689999998
611,Jiande,345050.0711
612,Jiang,31644.254000000004
613,Jiang'an,128513.61390000001
614,Jiangcheng Hani and Yi,17174.365199999997
615,Jiangchuan,75880.5163
616,Jiangdu,1181592.5670999999
617,Jiange,53283.39239999996
618,Jiangkou,62724.41999999999
619,Jiangle,73539.96710000001
620,Jiangling,184376.77149999994
621,Jiangmen,1337079.8441999997
622,Jiangning,7953073.643499999
623,Jiangpu,10046676.951400004
624,Jiangshan,302721.38129999995
625,Jiangyan,292992.0199999997
626,Jiangyang,160312.45460000006
627,Jiangyin,1913055.9531000003
628,Jiangyou,1017030.3612000006
629,Jiangyuan,23108.1344
630,Jianhe,61305.97149999999
631,Jianhu,796459.9815000012
632,Jianli,379883.17970000015
633,Jianning,16925.658000000003
634,Jianping,129932.48900000002
635,Jianshi,124982.63330000002
636,Jianshui,203687.24420000004
637,Jianyang,290575.63670000003
638,Jiaocheng,56698.36990000001
639,Jiaohe,1632718.389300002
640,Jiaokou,18404.5
641,Jiaoling,73539.71409999998
642,Jiaonan,1018899.2673999999
643,Jiaoxian,5005158.722999994
644,Jiaozuo,531427.5411999997
645,Jiashan,2808117.393399999
646,Jiashi,10298.879599999995
647,Jiaxiang,718834.8499999999
648,Jiaxing,1534687.1511000001
649,Jiayin,82803.32320000001
650,Jiayu,400315.8372
651,Jiayuguan,82092.71379999997
652,Jidong,12694.400000000001
653,Jiedong,173158.06339999998
654,Jieshou,799828.4436999998
655,Jiexi,25275.524100000002
656,Jiexiu,98121.282
657,Jigzhi,204.1
658,Jilin,1359215.3430000006
659,Jimo,1542311.2996999982
660,Jimsar,119436.8354999999
661,Jin,1327213.1992000004
662,Jing,224232.7863
663,Jing'an,236883.21220000004
664,Jingbian,97041.66000000003
665,Jingcheng,337684.1676000001
666,Jingchuan,57470.056
667,Jingde,166724.3226
668,Jingdezhen,500319.6216000001
669,Jingdong Yi,59901.5204
670,Jinggangshan,46157.435000000005
671,Jinggu Dai and Yi,35009.33020000001
672,Jinghai,1275404.8021
673,Jinghe,44664.80359999999
674,Jinghong,420544.5636999995
675,Jingjiang,752278.5314000002
676,Jingjing,34828.388199999994
677,Jingle,19756.650999999998
678,Jingmen,38275.049999999996
679,Jingning,87512.18160000001
680,Jingning She,108434.67090000001
681,Jingshan,368903.98
682,Jingtai,20460.0935
683,Jingxi,194760.853
684,Jingyan,108246.29169999999
685,Jingyang,628922.8198000004
686,Jingyu,41832.255
687,Jingyuan,63778.3684
688,Jingzhou,1621568.9970999996
689,Jinhu,1539642.4804000005
690,Jinhua Shì,1273257.2814999993
691,Jining,2759331.6040999996
692,Jinjiang,2112791.9541999977
693,Jinkouhe,3848.92
694,Jinning,535663.1028999995
695,Jinping,53511.48800000002
696,"Jinping Miao, Yao and Dai",8739.732699999997
697,Jinsha,464059.991
698,Jinshi,465808.36
699,Jinta,24251.19380000001
700,Jintan,7221301.2911
701,Jintang,187035.44339999993
702,Jinxi,578621.3392000002
703,Jinxian,463184.65570000024
704,Jinxiang,662493.557999999
705,Jinxiu Yao,28500.306300000004
706,Jinyun,244578.17190000004
707,Jinzhai,1029479.4250000002
708,Jinzhou,1438041.9802
709,Jishan,13419.694
710,"Jishishan Bonan, Dongxiang and Salar",19635.001
711,Jishou,114766.92
712,Jishui,125578.26
713,Jiujiang Xiàn,609454.7975
714,Jiutai,278142.6876999998
715,Jixi,237708.12440000012
716,Jixian,74488.81159999999
717,Jiyang,309793.78920000006
718,Jiyuan,317064.1929999998
719,Jize,13037.619000000002
720,Jonê,405.421
721,Juancheng,1407376.2435999997
722,Julu,89615.40520000001
723,Junan,444756.3041999995
724,Jungar,128000.44039999999
725,Junlian,77913.0
726,Junxian,1105831.5464000003
727,Jurong,1409545.8845000006
728,Juxian,1960703.174799999
729,Juye,351944.59410000005
730,Kaifeng,98920.34
731,Kaifeng Xiàn,98920.34
732,Kaihua,275222.3102
733,Kaijiang,90185.46219999998
734,Kaili,229448.3412999999
735,Kailu,40827.0359
736,Kaiping,161422.0025
737,Kaiyang,131585.5498
738,Kaiyuan,361924.69129999966
739,Kalpin,17537.591699999997
740,Kang,2954.580200000001
741,Kangbao,44594.74839999998
742,Kangding,11028.411400000005
743,Kangle,8730.000999999998
744,Kangping,60195.079999999994
745,Karamay,26557.063099999978
746,Kashgar,425247.4938000002
747,Kedong,20717.568
748,Kelan,39797.09159999999
749,Kenli,412208.21249999997
750,Keshan,33639.250400000004
751,Khotan,109750.87149999998
752,Kuancheng Manchu,241572.81759999998
753,Kuandian Manchu,82588.5115
754,Kuitun,265433.35930000007
755,Kunming,9105662.124799997
756,Kunshan,4692011.570300001
757,Lai'an,474180.8229
758,Laibin,529622.7610000003
759,Laifeng,103797.95599999998
760,Laishui,196074.5435
761,Laiwu,666960.9938000002
762,Laixi,273670.9248999991
763,Laiyang,314282.11169999995
764,Laiyuan,33357.270000000004
765,Laizhou,370057.86490000016
766,Lan,25577.3185
767,Lancang Lahu,10711.175299999997
768,Langao,9765.255999999994
769,Langxi,185285.93
770,Langzhong,846751.28
771,Lankao,254558.34999999998
772,Lanping Bai and Pumi,5012.2876999999935
773,Lantian,43526.0
774,Lanxi,422689.9970000003
775,Laohekou,244124.17019999993
776,Laoshan,2007191.1882999998
777,Le'an,142677.87
778,Lechang,68635.11709999999
779,Ledong Li,280747.0
780,Ledu,22866.783000000003
781,Leibo,9246.442200000001
782,Leishan,56384.23369999998
783,Leizhou,62887.713600000025
784,Leling,130658.09250000001
785,Leping,241880.33
786,Leting,379085.3986000001
787,Leye,9881.113599999997
788,Lezhi,514105.5935999998
789,Li,1414202.4343999992
790,Liancheng,107382.64089999998
791,Liangcheng,13920.3459
792,Liangdang,870.3249999999999
793,Lianghe,13230.334499999994
794,Liangshan,191844.30800000005
795,Liangzhou,182991.25400000004
796,Lianhua,28103.93
797,Lianjiang,1132540.7964000003
798,Liannan Yao,11909.3147
799,Lianping,22975.264
800,Lianshui,1043896.8097999999
801,Lianyungang,2689375.1950000003
802,Lianzhou,58684.0974
803,Liaocheng,17781.420100000003
804,Liaoyuan,129312.28679999996
805,Liaozhong,208728.87990000012
806,Libo,82722.73
807,Licheng,28076.031800000008
808,Lichuan,317933.9435000001
809,Lijiang,85726.193
810,Lijin,158386.0
811,Liling,392629.56059999997
812,Lin,626365.4454999998
813,Lin'an,662171.9479000004
814,Lincang,775.0
815,Lincheng,63190.594000000005
816,Linchuan,878154.8193000001
817,Lindian,14143.665100000004
818,Linfen,210289.5921
819,Ling,1666551.9738000003
820,Lingbao,155014.93
821,Lingbi,190863.68759999995
822,Lingchuan,394012.61159999925
823,Lingqiu,40644.0
824,Lingshan,137803.87639999995
825,Lingshi,68963.96900000004
826,Lingshou,56891.36759999999
827,Lingshui Li,906206.0716000005
828,Lingtai,1859.9299999999998
829,Lingui,267095.4694000002
830,Lingwu,145745.66959999996
831,Lingyuan,345971.6731
832,Lingyun,13381.251899999997
833,Linhai,896280.2553999999
834,Linhe,273177.04190000007
835,Linjiang,11709.780999999997
836,Linkou,302676.67660000006
837,Linqing,175654.30690000003
838,Linqu,496825.139
839,Linquan,545465.5431999998
840,Linru,1075243.3416000004
841,Linshu,371095.0131999999
842,Linshui,163157.75819999998
843,Lintan,353.18339999999995
844,Lintao,70111.20940000002
845,Linxi,130051.00470000005
846,Linxia,206670.2
847,Linxia Shi,206670.2
848,Linyi,585792.4793
849,Linying,183920.04470000003
850,Linyou,9289.120500000003
851,Linze,60338.56450000004
852,Linzhang,97244.01999999996
853,Liping,106786.78159999991
854,Liquan,34012.4176
855,Lishi,38587.4069
856,Lishu,94222.55459999997
857,Lishui,3081196.8082000017
858,Liuba,1893.3211
859,Liucheng,53947.949
860,Liuhe,132791.0988
861,Liujiang,291904.62400000007
862,Liulin,41860.47999999998
863,Liuzhi,152701.9346
864,Liuzhou,4036781.3133000014
865,Lixin,739275.1924999999
866,Liyang,6235830.787299998
867,Long,56306.0
868,Long'an,56896.130300000026
869,Longchang,347176.0178999998
870,Longchuan,21711.769199999995
871,Longde,34217.8215
872,Longfang,1800754.9176999996
873,Longhai,1881723.2943000002
874,Longhua,135051.78589999996
875,Longjiang,553882.7999999997
876,Longjing,26672.86920000001
877,Longkou,536718.4403999998
878,Longli,592965.6798000006
879,Longlin Various Nationalities,23207.91700000001
880,Longling,50076.66450000001
881,Longmen,122375.26880000006
882,Longnan,55967.95959999999
883,Longquan,243231.76949999994
884,Longsheng Various Nationalities,24141.657399999993
885,Longwan,1357531.7393000002
886,Longxi,99954.37699999998
887,Longyao,60193.37820000001
888,Longyou,460538.4523
889,Longzhou,43462.532499999994
890,Lop,7607.8978
891,Loufan,26180.8891
892,Lu,255846.3107000003
893,Lu An,3005249.9358999995
894,Luan,225615.53979999988
895,Luancheng,272026.06169999996
896,Luanchuan,55778.909999999996
897,Luannan,231569.42369999996
898,Luanping,157920.45050000004
899,Lucheng,84513.15
900,Luchuan,186637.52780000004
901,Ludian,8603.222399999999
902,Luding,5267.6365000000005
903,Lueyang,34577.47510000001
904,Lufeng,164888.6172999998
905,Luhe,645876.6607999996
906,Lujiang,459844.4738999999
907,Luliang,119376.1504
908,Lulong,75359.71509999993
909,Lunan,9105662.124799997
910,Lungchuan,84708.07489999996
911,Luntai,20405.172599999998
912,Luobei,17124.885400000006
913,Luocheng Mulao,53386.9589
914,Luochuan,83061.3244
915,Luodian,95285.29000000001
916,Luoding,258534.38450000001
917,Luohe,1183807.3964000004
918,Luojiang,279543.01699999993
919,Luonan,53156.7644
920,Luoning,29804.7368
921,Luoping,44531.90470000001
922,Luoshan,98459.93830000004
923,Luotian,45275.1098
924,Luoyang,1939439.0497999992
925,Luoyuan,238276.70819999996
926,Luqu,1800.15
927,Luquan Yi and Miao,61563.328399999984
928,Lushan,154950.845
929,Lushi,36716.94749999999
930,Lushui,13556.442200000045
931,Lushunkou,261046.49890000006
932,Luxi,180040.14019999988
933,Luyi,232681.8481
934,Luzhai,105691.42399999998
935,Luzhou,1267102.9892000007
936,Lüchun,8033.225300000003
937,Maanshan,1234335.3848
938,Mabian Yi,30752.8827
939,Macheng,569358.3163999997
940,Madoi,87.3119
941,Maguan,30360.6936
942,Majiang,34987.531299999995
943,Makit,28141.0381
944,Malipo,24317.585
945,Malong,20526.0749
946,Manas,87403.67109999995
947,Mancheng,75005.0
948,Manzhouli,169623.9181999999
949,Mao,5956.2212
950,Maoming,932911.8317999996
951,Maqu,431.19000000000005
952,Maqên,1687.17
953,Mashan,28553.42989999999
954,Mayang Miao,74764.93369999997
955,Mei,513718.01690000034
956,Meigu,91.5696
957,Meihekou,352711.82529999997
958,Meishan,905690.4118
959,Meitan,217192.28640000007
960,Meizhou,916642.6934999997
961,Meng,531427.5411999997
962,Mengcheng,996911.0
963,Mengcun Hui,30252.900400000006
964,Menghai,56058.898600000044
965,Mengjin,229383.54600000006
966,Mengla,130492.1405999999
967,"Menglian Dai, Lahu and Va",20209.44450000001
968,Mengshan,32466.484900000018
969,Mengyin,248514.87980000005
970,Mengzi,206912.70859999998
971,Menyuan Hui,12289.284899999997
972,Mi,19564386.263299983
973,Mian,67680.54110000003
974,Mianchi,35822.519999999975
975,Mianning,22741.4966
976,Mianyang,1789798.3213000007
977,Mianzhu,192518.23610000004
978,Midu,70835.1801
979,Mile,359826.7837
980,Min,12924.277399999999
981,Minfeng,282.9833
982,Mingshan,46139.295
983,Mingshui,38789.81999999999
984,Mingxi,52303.97550000001
985,Minhou,1897154.4349000002
986,Minle,30638.561299999998
987,Minqin,19770.420000000002
988,Minqing,183623.49800000005
989,Minquan,202795.8
990,Mishan,16667.652100000003
991,Miyi,71595.35790000002
992,Miyun,21920.8405
993,Mizhi,8201.6388
994,Mohe,6311.6392000000005
995,Mojiang Hani,39784.56520000001
996,Mori,1189462.5937000003
997,Mouding,18463.896399999998
998,Muchuan,35003.02559999999
999,Mudanjiang,302676.67660000006
1000,Mulan,12696.897599999998
1001,Muli Tibetan,303.14
1002,Muling,29617.166699999998
1003,Muping,580218.9889000001
1004,Naiman,97633.84069999991
1005,Nan'an,614247.9781000002
1006,Nanbu,232202.9836000002
1007,Nanchang Xiàn,687371.8214999995
1008,Nancheng,210509.61
1009,Nanchong Shì,1759985.3867000004
1010,Nanchong Xiàn,1759985.3867000004
1011,Nandan,50751.39430000001
1012,Nanfeng,83244.80239999996
1013,Nangong,109304.92219999999
1014,Nanhai,7186057.6680000005
1015,Nanhe,121405.66
1016,Nanhua,47537.05169999999
1017,Nanjian Yi,34353.120500000005
1018,Nanjiang,508991.3896
1019,Nanjing,10152155.751400003
1020,Nankang,764599.3998000001
1021,Nanle,126818.681
1022,Nanling,240896.23350000003
1023,Nanning,9772329.266299991
1024,Nanpi,91116.53699999998
1025,Nanping,259527.64659999998
1026,Nansha,2362651.0
1027,Nantong,1431612.7118999993
1028,Nanxi,163199.78989999995
1029,Nanxiong,129432.5632
1030,Nanyang Shì,765181.3797000002
1031,Nanzhang,122343.40499999994
1032,Nanzhao,120790.7832
1033,Nanzheng,225867.10539999997
1034,Napo,13305.5397
1035,Nayong,280473.7128999999
1036,Nehe,53844.8563
1037,Neihuang,220272.0
1038,Neiqiu,104160.95000000001
1039,Neixiang,203135.0
1040,Nenjiang,33805.5768
1041,Nilka,29385.1389
1042,Ning,91644.27620000002
1043,Ning'an,27396.472700000002
1044,Ningcheng,135828.1199
1045,Ningdu,159585.88800000004
1046,Ninggang,204582.8137999999
1047,Ningguo,264191.7860999999
1048,Ninghai,662415.8331999996
1049,Ninghe,215055.0966
1050,Ninghua,119914.23699999994
1051,Ningjin,266745.00920000015
1052,Ninglang Yi,12782.324900000001
1053,Ningling,48482.9067
1054,Ningming,23509.129999999997
1055,Ningqiang,20687.881500000007
1056,Ningshan,15013.656099999998
1057,Ningwu,11438.09
1058,Ningyang,219839.93279999995
1059,Nong'an,282395.5636000001
1060,Nàxi,370774.4383999997
1061,Ongniud,98280.79980000008
1062,Oroqin,15931.865599999996
1063,Otog,50231.146199999945
1064,Otog Front,22720.743899999994
1065,Ouhai,2693140.1905000005
1066,Pan,1524967.0576999988
1067,Pan'an,126258.03299999988
1068,Panjin,1131217.7400000002
1069,Panshan,136666.07660000003
1070,Panshi,76065.47589999998
1071,Pei,1029065.7544000001
1072,Peng,12854441.251599995
1073,Peng'an,110298.55339999993
1074,Penglai,556763.6462
1075,Pengshan,378204.77600000007
1076,Pengxi,264646.9807
1077,Pengyang,33936.38999999999
1078,Pengze,163375.19499999998
1079,Pi,781318.3861000017
1080,Pianguan,8522.699999999999
1081,Ping'an,36588.73210000001
1082,Pingba,118325.11
1083,Pingbian Miao,11730.360800000002
1084,Pingchang,506757.05399999936
1085,Pingding,133685.2625
1086,Pingdingshan,1075243.3416000004
1087,Pingdu,706408.6926999998
1088,Pinggu,6041.549499999999
1089,Pingguo,280490.43419999967
1090,Pinghe,78949.37329999999
1091,Pinghu,1193781.154699999
1092,Pingle,75096.2629
1093,Pingli,9492.303999999993
1094,Pingliang,338575.0661
1095,Pinglu,77853.46959999997
1096,Pingluo,83269.34179999998
1097,Pingnan,285175.0246
1098,Pingquan,224627.5309
1099,Pingshan,177239.65679999994
1100,Pingshun,10158.43
1101,Pingtang,87047.07279999994
1102,Pingwu,36584.0007
1103,Pingxiang,1068887.2311999998
1104,Pingyang,1049997.6843999997
1105,Pingyao,79379.54549999996
1106,Pingyi,389647.0609000001
1107,Pingyin,183225.6283
1108,Pingyu,218121.60770000014
1109,Pingyuan,280045.9086000001
1110,Pishan,7762.242699999999
1111,Pizhou,1937884.0385999999
1112,Plain Blue,24337.244000000002
1113,Plain and Bordered White,2051.8943
1114,Poskam,4775.7105
1115,Pu,11720.177
1116,Pu'an,6958.1757
1117,Pubei,72088.60650000005
1118,Pucheng,161110.5918
1119,Puding,313661.4745
1120,Puer,350667.0432000002
1121,Puge,1815.0
1122,Pujiang,709422.8307000005
1123,Puning,243771.68959999998
1124,Puqi,460227.9267
1125,Putian,2187542.0736
1126,Putian County,2187542.0736
1127,Putuo,398238.3308000001
1128,Puyang Shì,806727.1881000003
1129,Puyang Xiàn,296321.8543
1130,Qahar Youyi Houqi,7165.0
1131,Qahar Youyi Qianqi,7165.0
1132,Qahar Youyi Zhongqi,7165.0
1133,Qapqal Xibe,49785.59320000001
1134,Qi,587722.4568000002
1135,Qian,44577.0774
1136,Qian Gorlos Mongol,76873.45180000001
1137,Qian'an,640495.0784000002
1138,Qianjiang,387153.7058
1139,Qianshan,1810000.2867999992
1140,Qianwei,176443.3439
1141,Qianxi,346841.87989999994
1142,Qianyang,22115.510000000002
1143,Qiaojia,9517.521800000002
1144,Qichun,268606.3002999999
1145,Qidong,2520076.0
1146,Qiemo,19672.069
1147,Qihe,942663.61
1148,Qilian,8001.890300000001
1149,Qimen,62842.175500000005
1150,Qin,10666.7921
1151,Qin'an,77481.8122
1152,Qing,1578939.474100001
1153,Qing Yuan,2120938.812599999
1154,Qing'an,32355.729999999996
1155,Qingcheng,422382.4369000003
1156,Qingchuan,17645.607300000003
1157,Qingfeng,183894.2529
1158,Qinggang,48491.435600000026
1159,Qinggil,140106.076
1160,Qinghe,918905.684
1161,Qingjian,7918.489999999999
1162,Qingjiang,2021113.7486999906
1163,Qingliu,35413.3976
1164,Qinglong,859011.6947999999
1165,Qingshen,95122.82650000001
1166,Qingshuihe,9987.169399999997
1167,Qingtian,204011.84200000003
1168,Qingtongxia,79775.59999999999
1169,Qingxin,174838.19609999997
1170,Qingxu,89512.576
1171,Qingyang,725032.5928000001
1172,Qingyuan,84671.93960000003
1173,Qingyuan Manchu,121544.24999999999
1174,Qingyun,183252.42340000006
1175,Qingzhen,503141.49999999994
1176,Qingzhou,884436.0703000001
1177,Qinhuangdao,834798.1996999998
1178,Qinshui,103949.1851
1179,Qinyang,178222.0
1180,Qinyuan,35305.4904
1181,Qinzhou,630486.4529999999
1182,Qionglai,254126.0040999999
1183,Qiongzhong Li and Miao,70595.22840000002
1184,Qiqihar,553882.7999999997
1185,Qishan,136172.7382
1186,Qitai,320529.03400000004
1187,Qitaihe,88055.64980000001
1188,Qiu,49794.3124
1189,Qiubei,91350.7013
1190,Qixia,127103.57530000003
1191,Qu,256354.92360000007
1192,Quanjiao,366027.1997000003
1193,Quannan,624517.6408000004
1194,Quanzhou,111385.85199999997
1195,Queshan,95875.60199999997
1196,Qufu,636303.7605000001
1197,Qujiang,109484.69989999999
1198,Quwo,22447.793899999993
1199,Quyang,131556.52
1200,Quzhou,83008.5133
1201,Quzhou Shì,734462.0534000001
1202,Raohe,15142.340000000004
1203,Raoping,50165.22699999999
1204,Raoyang,58416.24940000002
1205,Ren,104537.0
1206,Renhua,43336.19639999999
1207,Renhuai,216502.01069999998
1208,Renqiu,497460.89100000006
1209,Renshou,1616554.4125000008
1210,Rizhao,1960703.174799999
1211,Rong,310048.75010000006
1212,Rong'an,94127.40230000006
1213,Rongcheng,63654.375199999995
1214,Rongjiang,55120.68999999999
1215,Rongshui Miao,100184.11229999996
1216,Rudong,3327567.713899998
1217,Rugao,2748501.860899995
1218,Ruian,1921778.331
1219,Ruichang,933308.5599999997
1220,Ruicheng,91081.0996
1221,Ruijin,321609.62280000024
1222,Ruili,217902.41550000003
1223,Runan,93275.49309999998
1224,Ruoqiang,4483.352200000002
1225,Rushan,1627673.8033
1226,Ruyang,99182.13960000005
1227,Ruyuan Yao,46930.958
1228,Sandu Shui,26082.275
1229,Sanhe,991653.0012999994
1230,Sanjiang Dong,62548.536900000014
1231,Sanmen,166341.22180000003
1232,Sanmenxia,155014.93
1233,Sanshui,1930098.2839000002
1234,Sansui,45298.0553
1235,Santai,177936.70399999977
1236,Sanya,2320075.5234000003
1237,Sanyuan,90421.86830000002
1238,Sha,287429.2
1239,Shahe,247908.0866000002
1240,Shan,531076.2675000004
1241,Shandan,43376.0379
1242,Shang,208290.48999999996
1243,Shangcai,142549.43050000002
1244,Shangdu,43849.7
1245,Shanggao,317323.56600000034
1246,Shanghang,96619.2849
1247,Shanghe,163063.30509999997
1248,Shanglin,46844.093100000006
1249,Shangnan,71251.64360000001
1250,Shangrao Shì,1630517.3745999997
1251,Shangrao Xiàn,200869.25600000002
1252,Shangshui,81498.18
1253,Shangsi,46416.138199999994
1254,Shangyi,22755.3396
1255,Shangyou,74527.43760000002
1256,Shangyu,1016320.2851000002
1257,Shangzhi,45130.54650000002
1258,Shanming,464391.9482
1259,Shantou,2154769.6139
1260,Shanwei,336398.4562
1261,Shanyang,158020.2199999999
1262,Shanyin,108886.75870000002
1263,Shaoguan,780475.8572999997
1264,Shaoshan,92387.46
1265,Shaowu,183439.05160000004
1266,Shaoxing,2098925.8677000003
1267,Shaoxing Xiàn,1636931.8380000007
1268,Shaoyang Shì,526850.3026
1269,Shaoyang Xiàn,123830.52
1270,Shashi,140255.28020000004
1271,Shawan,186707.09530000022
1272,Shayang,227184.34600000005
1273,Shayar,36235.293900000004
1274,Shazhou,6507765.350800003
1275,She,233595.84839999993
1276,Shehong,389021.1614999999
1277,Shen,676667.8209000002
1278,Shenchi,18048.2
1279,Shengsi,210400.4588
1280,Shenmu,131013.0878
1281,Shennongjia,33149.68
1282,Shenqiu,200442.4498
1283,Shenxian,17781.420100000003
1284,Shenyang Shì,2961225.4595999997
1285,Shenze,34186.9821
1286,Sheqi,163517.44999999995
1287,Sheyang,1263898.9438000019
1288,Shibing,26724.6
1289,Shicheng,193430.43399999998
1290,Shidian,55337.7776
1291,Shifang,232584.05920000013
1292,Shihezi,155931.28290000008
1293,Shijiazhuang,7386929.210999999
1294,Shilou,5117.7846
1295,Shimian,9563.5031
1296,Shiping,23592.63770000001
1297,Shiqian,29321.7
1298,Shiquan,46077.29850000002
1299,Shishi,1089776.6404
1300,Shishou,1621568.9970999996
1301,Shitai,24043.6998
1302,Shixing,90234.17790000002
1303,Shiyan,1105831.5464000003
1304,Shizhong,1762612.4666999986
1305,Shizong,65663.84209999998
1306,Shizuishan Shì,127263.0
1307,Shou,448012.3437000001
1308,Shouguang,1197833.4420000007
1309,Shouning,67244.21
1310,Shouyang,935110.5800000001
1311,Shuangbai,14703.6552
1312,Shuangcheng,90372.0
1313,"Shuangjiang Lahu, Va, Blang and Dai",25231.191600000006
1314,Shuangliao,61052.78739999979
1315,Shuangliu,1807541.6944999972
1316,Shuangyang,235137.74049999996
1317,Shuangyashan,56903.38259999999
1318,Shucheng,859019.3171
1319,Shufu,47336.883600000016
1320,Shuicheng,94145.20809999995
1321,Shuifu,7951.724199999997
1322,Shulan,60561.48419999999
1323,Shule,58082.809999999954
1324,Shulu,7386929.210999999
1325,Shunchang,38409.2049
1326,Shunde,5120342.455300008
1327,Shunyi,40994.9728
1328,Shuo,244472.18469999998
1329,Shuyang,817538.194
1330,Si,371962.6128
1331,Sihong,1211808.778800001
1332,Sihui,434402.93319999956
1333,Simao,9066.080300000003
1334,Sinan,295909.0
1335,Siping,390810.01
1336,Sishui,123468.94
1337,Siyang,1284297.6930999965
1338,Siziwang,25427.9041
1339,Song,42196.04
1340,Songming,220636.48199999984
1341,Songpan,8089.610000000001
1342,Songtao Miao,234570.31
1343,Songxi,70814.03
1344,Songyang,191499.70260000005
1345,Songzi,665063.2125000012
1346,Sonid Left,4972.6991
1347,Sonid Right,31289.833199999994
1348,Subei Mongol,2884.4446
1349,Sui,194015.95329999988
1350,Suibin,10018.9939
1351,Suichang,134412.6280999999
1352,Suichuan,176559.49040000007
1353,Suide,28962.0879
1354,Suifenhe,139003.9993
1355,Suihua,202167.73770000003
1356,Suijiang,222.1984
1357,Suileng,21126.846700000006
1358,Suining,1179014.3054999993
1359,Suiping,147894.37890000007
1360,Suixi,258475.8297000001
1361,Suiyang,353173.41349999997
1362,Suizhong,388256.3245999998
1363,Suizhou,529479.6250000001
1364,Sunan Yugur,1501.0509999999997
1365,Suning,70148.3436
1366,Sunwu,4346.095
1367,Suqian,1609410.0311
1368,Susong,316522.15939999995
1369,Suyu,74665.6272
1370,Suzhou,6539133.627200003
1371,Tacheng,55734.74709999998
1372,Tahe,7928.1663
1373,Tai An,1682586.8123000017
1374,Tai'an,146307.26540000003
1375,Taibai,16263.646
1376,Taibus,15246.447700000004
1377,Taicang,1504877.0
1378,Taigu,76061.0062
1379,Taihe,2407824.4500000007
1380,Taihu,137665.97859999991
1381,Taijiang,58618.0016
1382,Taikang,150029.5872
1383,Tailai,27041.836699999996
1384,Taining,53489.7085
1385,Taiping,202120.0753999999
1386,Taiqian,46254.59720000001
1387,Taishan,260296.58950000003
1388,Taishun,123509.05700000003
1389,Taixing,2841400.762300003
1390,Taiyuan,6285981.122
1391,Taizhou,2758106.4183
1392,Tancheng,4300154.507200001
1393,Tang,68921.7562
1394,Tanggu,3132330.0409999997
1395,Tanghai,811997.8764999999
1396,Tanghe,96485.55469999998
1397,Tangshan,2265874.793600001
1398,Tangyin,389757.86679999984
1399,Tangyuan,19246.489999999998
1400,Taole,127263.0
1401,Taonan,62449.584100000015
1402,Taxkorgan Tajik,8330.964699999999
1403,Tekes,34044.3903
1404,Teng,796912.6770000001
1405,Tengchong,223711.2243000001
1406,Tian'e,27565.015400000008
1407,Tianchang,509621.10000000003
1408,Tiandeng,28669.9365
1409,Tiandong,67245.68490000002
1410,Tianjun,2127.3141000000005
1411,Tianlin,16430.398400000002
1412,Tianmen,472757.4345000001
1413,Tianquan,65114.88650000002
1414,Tianshui,464570.03500000015
1415,Tiantai,341105.15949999995
1416,Tianyang,191301.5444
1417,Tianzhen,28840.0
1418,Tianzhu,61962.089
1419,Tianzhu Tibetan,31383.179000000004
1420,Tiefa,831145.3964
1421,Tieli,39220.712199999994
1422,Tieling Shì,831145.3964
1423,Tieling Xiàn,118753.79019999996
1424,Togtoh,131622.36799999996
1425,Toksu,14528.368700000005
1426,Toksun,58349.744099999836
1427,Toli,18808.294099999992
1428,Tong'an,47752.238399999995
1429,Tongbai,78260.15010000014
1430,Tongcheng,298885.84180000005
1431,Tongchuan,133899.3851
1432,Tongde,1400.4193000000012
1433,Tonggu,43181.340000000004
1434,Tongguan,363986.1272999998
1435,Tonghai,197420.2775
1436,Tonghe,26638.087000000003
1437,Tonghua,139968.71149999998
1438,Tongjiang,488057.1663000001
1439,Tongliao,153109.21780000007
1440,Tongling,452858.36999999994
1441,Tonglu,486909.6598999999
1442,Tongren,257512.86110000004
1443,Tongshan,1171552.0081999996
1444,Tongwei,25644.615100000003
1445,Tongxiang,1633033.187600001
1446,Tongxin,40375.58400000002
1447,Tongxu,167522.31
1448,Tongyu,30491.84039999999
1449,Tongzhou,5287292.712899994
1450,Tongzi,286472.43419999996
1451,Tumd Left,186137.29439999998
1452,Tumd Right,67273.39790000004
1453,Tumen,7730.101000000002
1454,Tunliu,46577.2157
1455,Tuquan,30666.820500000016
1456,Turfan,167012.2154
1457,Têwo,715.5275000000001
1458,Ulan Hot,131248.3638
1459,Urad Back,7615.0
1460,Urad Front,29195.267700000008
1461,Urad Middle,28817.265499999987
1462,Uxin,66020.31539999998
1463,Wafangdian,534729.5966000002
1464,Wan,2120938.812599999
1465,Wangcang,83558.42999999998
1466,Wangdu,61751.869
1467,Wangjiang,200065.33850000007
1468,Wangkui,39609.09320000001
1469,Wangmo,30325.63110000002
1470,Wangqing,14253.514299999993
1471,Wannian,147023.509
1472,Wanning,437753.1732000001
1473,Wanquan,213289.743
1474,Wanrong,57002.828300000016
1475,Wanshan Special,76674.0557
1476,Wanyuan,91740.4907
1477,Wanzai,338702.63599999994
1478,Wan’an,84578.95000000001
1479,Wei,177091.74
1480,Weifang Shì,436788.2149000001
1481,Weifang Xiàn,436788.2149000001
1482,Weihai,244.3044
1483,Weinan,363986.1272999998
1484,"Weining Yi, Hui and Miao",234813.99409999995
1485,Weishan,2385827.6702999994
1486,Weishi,121371.32519999995
1487,Weixi Lisu,12290.3898
1488,Weixin,3194.2120999999997
1489,Weiyuan,232623.59219999993
1490,Wen,115450.07479999999
1491,Wen'an,198736.8226
1492,Wenchang,335872.4531999999
1493,Wencheng,108393.55410000001
1494,Wenchuan,3618.3195
1495,Wendeng,244.3044
1496,Weng'an,418743.78329999984
1497,Wengyuan,111471.82029999999
1498,Wenjiang,913864.9309999997
1499,Wenling,1255856.0477000002
1500,Wenquan,6051.9590000000035
1501,Wenshan,410379.9733999998
1502,Wenshang,450501.6615
1503,Wenshui,20492.9301
1504,Wensu,48229.54089999999
1505,Wenxi,68776.5719
1506,Wenzhou,697948.8593000002
1507,West Ujimqin,53371.51200000002
1508,Wu'an,369311.36000000016
1509,Wubu,1424723.6567000004
1510,Wuchang,69239.01560000003
1511,Wucheng,189675.8993
1512,Wuchuan,72828.88930000004
1513,Wudalianchi,25160.140000000007
1514,Wudi,167035.76389999987
1515,Wuding,42567.085100000004
1516,Wudu,11379.698199999992
1517,Wufeng Tujia,140475.1423
1518,Wugang,134308.61460000003
1519,Wugong,1828250.3063000012
1520,Wuhai,297.6
1521,Wuhan,22111003.277599998
1522,Wuhe,429251.866
1523,Wuhu,3730360.506999999
1524,Wuhua,162407.82030000022
1525,Wuji,73098.44
1526,Wujiang,5239036.8477000045
1527,Wujin,3947214.2900000014
1528,Wulan,6154.7421
1529,Wulian,214572.63589999985
1530,Wuming,466076.79499999975
1531,Wuning,527321.5817999998
1532,Wuping,143351.4432
1533,Wuqi,48815.476599999995
1534,Wuqia,15188.079600000005
1535,Wuqiang,67069.0955
1536,Wuqiao,79706.8703
1537,Wuqing,2366801.056699999
1538,Wushan,76818.54899999998
1539,Wusheng,536621.3494
1540,Wutai,58654.25710000001
1541,Wutongqiao,59490.2846
1542,Wuwei,1032971.6949999998
1543,Wuxi,2897226.23
1544,Wuxian,6507765.350800003
1545,Wuxiang,12142.175000000003
1546,Wuxuan,103878.11260000014
1547,Wuyang,61382.131099999984
1548,Wuyi,382552.6234999998
1549,Wuyuan,281204.9403000001
1550,Wuzhai,47876.15999999999
1551,Wuzhi,185189.9762
1552,Wuzhong,316466.93200000026
1553,Wuzhou,265268.6748999999
1554,Xi,222005.6130000001
1555,Xia,35889.9915
1556,Xiahe,11474.2501
1557,Xiajiang,111121.7467
1558,Xiajin,138973.53229999996
1559,Xiamen,11941271.1342
1560,Xian,105121.73789999996
1561,Xianfeng,30615.366699999995
1562,Xiangcheng,242228.0
1563,Xiangfan,1107537.9418999997
1564,Xiangfen,134619.65
1565,Xianghe,1121357.173
1566,Xiangning,20847.833999999995
1567,Xiangshan,765066.6981999996
1568,Xiangshui,571938.95
1569,Xiangtan Shì,823245.2117999999
1570,Xiangtan Xiàn,344300.12730000005
1571,Xiangyang,1015678.1652999995
1572,Xiangyuan,95676.558
1573,Xiangyun,108380.2791
1574,Xiangzhou,36509.5843
1575,Xianju,613302.8194000002
1576,Xianning,460227.9267
1577,Xianyang,1828250.3063000012
1578,Xianyou,559866.4514000001
1579,Xiao,322254.4926999999
1580,Xiaochang,74195.22239999998
1581,Xiaogan,536384.6097999999
1582,Xiaojin,2706.8521000000005
1583,Xiaoshan,8648988.323700013
1584,Xiaoyi,163407.3694
1585,Xiapu,216008.0003999999
1586,Xiayi,109022.41369999998
1587,Xichang,1001635.0905999999
1588,Xichong,329148.85120000003
1589,Xichou,33758.437
1590,Xichuan,105994.0
1591,Xide,3225.5858
1592,Xifeng,241556.2462999997
1593,Xihe,7957.231
1594,Xihua,62074.052999999985
1595,Xiji,36039.88999999999
1596,Xilin,33181.5398
1597,Ximeng Va,4341.0362
1598,Xin'an,126816.10710000004
1599,Xinbarag Left,92116.42
1600,Xinbarag Right,92116.42
1601,Xinbin Manchu,83323.04000000001
1602,Xincai,197745.52380000002
1603,Xinchang,527633.5465
1604,Xincheng,2143369.812599999
1605,Xindu,1388113.7346000005
1606,Xinfeng,289118.01240000007
1607,Xinfu,67416.0
1608,Xing,65057.6401
1609,Xingan,216080.646
1610,Xingcheng,316598.5898999999
1611,Xingguo,234473.856
1612,Xinghai,4383.083199999997
1613,Xinghe,32906.1447
1614,Xinghua,430397.92999999993
1615,Xinglong,98529.12
1616,Xingning,508649.06620000035
1617,Xingping,78130.24
1618,Xingren,27450.9
1619,Xingshan,15955.302600000014
1620,Xingtai Xiàn,163175.42949999997
1621,Xingtai shì,163175.42949999997
1622,Xingtang,41712.79
1623,Xingwen,161891.61849999998
1624,Xingyang,1436996.1600000001
1625,Xingyi,408661.8838000002
1626,Xingzi,163225.10009999984
1627,Xing’an,55235.1586
1628,Xinhe,58073.32989999999
1629,Xinhuang Dong Dongzu,65913.89790000005
1630,Xinhui,497231.33420000004
1631,Xining,1303681.2252
1632,Xinjian,1352938.086400001
1633,Xinjiang,36638.6094
1634,Xinjin,6258376.9924
1635,Xinle,133870.19500000007
1636,Xinlin,2739.0495000000005
1637,Xinlong,2865.1433
1638,Xinmin,351964.6092
1639,Xinping Yi and Dai,137295.24930000002
1640,Xinwen,1682586.8123000017
1641,Xinxian,130474.99600000001
1642,Xinxiang Shì,785588.0127999987
1643,Xinxiang Xiàn,785588.0127999987
1644,Xinxing,197682.6812
1645,Xinyang Shì,130474.99600000001
1646,Xinye,103361.0
1647,Xinyi,1050286.0148
1648,Xinyu,981461.3100000002
1649,Xinyuan,44362.3763
1650,Xinzheng,2255429.5439999998
1651,Xinzhou,835094.655
1652,Xiong,27961.4101
1653,Xiping,159002.94
1654,Xiqing,2911003.5715999994
1655,Xishan,5238919.66599999
1656,Xishui,212450.6903
1657,Xiuning,124662.12649999997
1658,Xiushui,300438.37530000013
1659,Xiuwen,75296.57699999999
1660,Xiuwu,77403.95
1661,Xiuyan Manchu,115930.71710000001
1662,Xiuzhou,1604017.7735999986
1663,Xixia,86320.5247
1664,Xixiang,119235.43020000005
1665,Xiyang,59594.90610000001
1666,Xuanhan,358885.3566999997
1667,Xuanhua,92285.98290000002
1668,Xuanwei,69039.65330000009
1669,Xuanzhou,165233.4897000001
1670,Xuchang Shì,834058.3144
1671,Xuchang Xiàn,465782.0
1672,Xuguit Qi,92116.42
1673,Xun,738193.4206
1674,Xundian Hui and Yi,71772.19780000004
1675,Xunhua Salar,3386.5903999999996
1676,Xunke,8031.420000000002
1677,Xunwu,67117.27
1678,Xunyang,6557.4569
1679,Xunyi,6081.788
1680,Xushui,343284.52999999997
1681,Xuwen,115683.57569999967
1682,Xuyi,357100.73280000035
1683,Xuyong,246055.6731
1684,Xuzhou,3020785.7185
1685,Ya An,279389.28890000004
1686,Yajiang,4698.6
1687,Yan An,566681.4535999999
1688,Yanbian,19503.695600000003
1689,Yanchang,29238.048300000002
1690,Yanchi,55491.839999999946
1691,Yanchuan,60681.5388
1692,Yandu,1201779.1401000002
1693,Yang,87763.90189999997
1694,Yangbi Yi,14068.8263
1695,Yangcheng,76210.9525
1696,Yangchun,158855.33399999997
1697,Yangdong,98468.17439999999
1698,Yanggao,15106.098600000003
1699,Yanggu,227002.07340000014
1700,Yangjiang,433440.8354
1701,Yangqu,125118.9752
1702,Yangquan,10783.513500000001
1703,Yangshan,59383.346799999985
1704,Yangshuo,119604.69450000001
1705,Yangxi,148918.11690000002
1706,Yangxin,800125.7470999997
1707,Yangyuan,73645.5011
1708,Yangzhong,550790.8955000001
1709,Yangzhou,1318158.8784000007
1710,Yanhe Tujia,134249.6264
1711,Yanji,140606.51479999986
1712,Yanjin,74860.87780000005
1713,Yanling,233014.69999999998
1714,Yanqi Hui,8501.235499999997
1715,Yanshan,200006.02569999997
1716,Yanshi,118986.05110000001
1717,Yanshou,17735.563599999994
1718,Yantai,1077614.9323
1719,Yanting,228850.71759999977
1720,Yanyuan,26067.423800000004
1721,Yanzhou,549502.6866000001
1722,Yao'an,32849.38990000001
1723,Ye,121394.83
1724,Yecheng,68088.6335
1725,Yengisar,17016.235099999998
1726,Yi,277727.86869999993
1727,Yi'an,32145.540999999997
1728,Yiancheng,2244552.8759999988
1729,Yibin Shì,894613.0556999999
1730,Yibin Xiàn,308200.7681000001
1731,Yichang,2205111.6449
1732,Yicheng,167818.44899999996
1733,Yichuan,203970.66930000007
1734,Yichun,638823.231
1735,Yidu,2205111.6449
1736,Yifeng,183434.40079999997
1737,Yihuang,258817.2
1738,Yijun,9912.223999999998
1739,Yilan,48617.44610000003
1740,Yiliang,143674.10759999987
1741,Yiling,482914.36329999997
1742,Yilong,161031.44830000002
1743,Yima,42947.62880000001
1744,Yimen,89876.35809999998
1745,Yinan,403102.6913
1746,Yinchuan,2061165.8609000004
1747,Ying,88303.20800000001
1748,Yingde,442950.23449999996
1749,Yingjiang,35153.91019999999
1750,Yingjing,94566.1
1751,Yingkou,831145.3964
1752,Yingshan,490369.84259999974
1753,Yingshouyingzikuang,2260.58
1754,Yingtan,504045.3809000003
1755,Yining,119190.00799999999
1756,Yining Shì,119190.00799999999
1757,Yinzhou,9519.61
1758,Yishui,517634.29899999994
1759,Yitong Manchu,29523.904199999975
1760,Yiwu,1847998.8415999997
1761,Yixing,2068813.0669999993
1762,Yiyang,934903.4452000001
1763,Yiyang Shì,1103505.4337000016
1764,Yiyuan,204597.3788
1765,Yizheng,1580854.7493
1766,Yong'an,219434.69
1767,Yongchang,28319.706899999976
1768,Yongcheng,372073.6213000003
1769,Yongchun,172978.02739999996
1770,Yongde,18508.326699999994
1771,Yongdeng,471578.70320000034
1772,Yongding,194029.3845
1773,Yongfeng,167634.35999999993
1774,Yongfu,56453.04009999998
1775,Yonghe,210289.5921
1776,Yongji,172905.5774999999
1777,Yongjia,720565.8343
1778,Yongjing,27122.5
1779,Yongkang,921170.8164000002
1780,Yongnian,349558.22910000006
1781,Yongning,428440.19219999964
1782,Yongping,38716.36929999992
1783,Yongqiao,16320.491899999999
1784,Yongqing,416120.0
1785,Yongren,20678.81370000001
1786,Yongshan,26027.998200000024
1787,Yongsheng,27801.163899999996
1788,Yongshou,17730.429100000005
1789,Yongtai,202401.81809999997
1790,Yongxin,148389.2803
1791,Yongxiu,390713.0970999999
1792,Yopurga,38612.02350000001
1793,Youxi,153181.04440000004
1794,Youyu,61848.77600000001
1795,Yu,995858.3064000004
1796,Yuan'an,156432.50750000018
1797,Yuanba,81198.43689999999
1798,Yuanjiang,122023.71659999996
1799,"Yuanjiang Hani, Yi and Dai",47856.676199999936
1800,Yuanmou,74079.0451
1801,Yuanping,108262.80309999998
1802,Yuanqu,20752.045899999994
1803,Yuanshi,138703.2468
1804,Yuanyang,409376.67639999976
1805,Yucheng,689288.1998000001
1806,Yuci,935110.5800000001
1807,Yudu,300475.19
1808,Yuechi,282323.5553
1809,Yueqing,1528215.1488000015
1810,Yuexi,106906.92760000002
1811,Yueyang Xiàn,141805.332
1812,Yufeng,6.8175
1813,Yugan,282772.31720000005
1814,Yuhang,7489088.085500007
1815,Yuhuan,540113.6414
1816,Yujiang,146988.36229999998
1817,Yuli,24748.6
1818,Yulin,1424723.6567000004
1819,Yulong Naxi,55363.97690000003
1820,Yumen,107600.22159999998
1821,Yumin,1468.3546999999992
1822,Yun,299797.35699999996
1823,Yun'an,33888.9789
1824,Yunan,31740.257699999995
1825,Yuncheng,362166.83050000016
1826,Yunhe,109450.34449999998
1827,Yunmeng,292639.3
1828,Yunxi,40316.36560000001
1829,Yuping Dong,491254.796
1830,Yuqing,61916.92799999998
1831,Yushan,260316.01730000007
1832,Yushe,10924.805600000002
1833,Yushu,226181.3562999999
1834,Yutai,145717.6037
1835,Yutian,172585.56999999998
1836,Yuxi,197420.2775
1837,Yuyao,1255657.4688999995
1838,Yuzhong,257947.66669999994
1839,Zamtang,108.4026
1840,Zanhuang,41503.43000000001
1841,Zaoqiang,143550.03720000008
1842,Zaoyang,229610.32080000004
1843,Zengcheng,2796809.8635000004
1844,Zepu,4775.7105
1845,Zhang,5145.1564
1846,Zhangbei,144243.085
1847,Zhangjiachuan Hui,12365.668800000003
1848,Zhangjiakou,701388.4788000002
1849,Zhangping,86495.3
1850,Zhangpu,684295.0901999997
1851,Zhangqiu,1027863.5403
1852,Zhangshu,511239.4644000001
1853,Zhangwu,154729.84500000006
1854,Zhangye,56084.96059999998
1855,Zhangzhou,1138671.8199999998
1856,Zhangzi,39876.3113
1857,Zhanhua,92374.0098
1858,Zhanyi,155270.08870000008
1859,Zhao,121902.35699999996
1860,Zhao'an,80951.44250000002
1861,Zhaodong,258103.3461999999
1862,Zhaojue,9526.3911
1863,Zhaoping,67725.09110000003
1864,Zhaoqing,745903.3991000007
1865,Zhaosu,22585.763400000003
1866,Zhaotong,21827.9767
1867,Zhaoyuan,420531.92539999983
1868,Zhaozhou,41041.96460000001
1869,Zhaozhuang,668023.3119
1870,Zhashui,17732.243100000007
1871,Zhecheng,1040368.5140999999
1872,Zhen'an,62735.85609999996
1873,Zhenba,11682.799999999997
1874,Zhenfeng,63266.53999999999
1875,Zheng'an,9403.383200000002
1876,Zhengding,606503.0437999998
1877,Zhenghe,50710.86199999998
1878,Zhengning,9441.6989
1879,Zhengyang,133451.8234
1880,Zhengzhou,19564386.263299983
1881,Zhenhai,1047481.0578000005
1882,Zhenjiang,1301235.8176999998
1883,Zhenkang,30338.5552
1884,Zhenlai,25952.454899999982
1885,Zhenping,145887.29830000005
1886,Zhenxiong,88850.34129999997
1887,Zhenyuan,80431.58739999995
1888,"Zhenyuan Yi, Hani and Lahu",11362.920199999991
1889,Zherong,42350.0806
1890,Zhidan,12075.8367
1891,Zhijiang,631423.4576
1892,Zhijin,197102.0
1893,Zhongdian,39193.19019999999
1894,Zhongjiang,176254.4879000001
1895,Zhongmou,2628186.9286999977
1896,Zhongning,324018.8720000001
1897,Zhongshan,1871031.211600002
1898,Zhongwei,217172.1079999999
1899,Zhongxiang,205677.15
1900,Zhongyang,9049.038
1901,Zhoukou,339606.07630000013
1902,Zhouning,97641.39
1903,Zhouzhi,88733.12460000001
1904,Zhuanghe,431574.96660000004
1905,Zhuanglang,79120.48749999999
1906,Zhucheng,1956831.708199999
1907,Zhuhai,4860988.6910999995
1908,Zhuji,3166259.8031999986
1909,Zhumadian,730445.6392
1910,Zhuo,2120938.812599999
1911,Zhuolu,206280.19199999998
1912,Zhuozi,50686.200999999994
1913,Zhushan,12590.6293
1914,Zhuxi,58197.817
1915,Zhuzhou Qu,1504477.2600000002
1916,Zhuzhou Xiàn,219803.64210000003
1917,Zibo,3572107.3658000026
1918,Zichang,42695.0
1919,Zichuan,27266.53
1920,Zigong,1120814.2674000002
1921,Zigui,102217.83200000001
1922,Zijin,59251.673599999995
1923,Zitong,90228.25420000008
1924,Zixi,36233.1715
1925,Ziyang,572599.7986999999
1926,Ziyuan,23210.4396
1927,Zizhong,277675.6451
1928,Zizhou,6325.399899999999
1929,Zongyang,199738.0157
1930,Zouping,190276.10079999996
1931,Zouxian,668023.3119
1932,Zunhua,121750.66160000004
1933,Zunyi Shì,1760244.2503999998
1934,Zunyi Xiàn,377659.16370000003
1935,Zuoquan,18839.96900000001
1936,Zuoyun,12460.0
1937,Zêkog,16.3585
1938,Ürümqi Shì,2085231.9040999995
1939,Ürümqi Xiàn,265775.7306
